{"cameraMode":{"drawMode":0,"name":"Shaded","section":"Shading Mode"},"sceneLighting":true,"audioPlay":false,"sceneViewState":{"showFog":true,"showMaterialUpdate":false,"showSkybox":true,"showFlares":true,"showImageEffects":true,"showParticleSystems":true},"in2DMode":false,"pivot":{"x":0.1083517074584961,"y":0.7402095794677734,"z":-0.7090044021606445},"rotation":{"x":-0.08246848732233048,"y":0.9052493572235107,"z":-0.20605598390102387,"w":-0.36230307817459109},"size":7.295618534088135,"orthographic":false}