{"cameraMode":{"drawMode":0,"name":"Shaded","section":"Shading Mode"},"sceneLighting":false,"audioPlay":false,"sceneViewState":{"showFog":true,"showMaterialUpdate":false,"showSkybox":true,"showFlares":true,"showImageEffects":true,"showParticleSystems":true},"in2DMode":false,"pivot":{"x":0.0,"y":0.0507657527923584,"z":-0.03663557767868042},"rotation":{"x":-0.08246848732233048,"y":0.9052493572235107,"z":-0.20605598390102387,"w":-0.36230307817459109},"size":4.705676078796387,"orthographic":false}