{"cameraMode":{"drawMode":0,"name":"Shaded","section":"Shading Mode"},"sceneLighting":false,"audioPlay":false,"sceneViewState":{"showFog":true,"showMaterialUpdate":false,"showSkybox":true,"showFlares":true,"showImageEffects":true,"showParticleSystems":true},"in2DMode":false,"pivot":{"x":0.0,"y":0.0507657527923584,"z":-0.03663557767868042},"rotation":{"x":0.10015350580215454,"y":-0.7101583480834961,"z":0.10319899022579193,"w":0.6891984343528748},"size":4.705676078796387,"orthographic":true}