{"cameraMode":{"drawMode":0,"name":"Shaded","section":"Shading Mode"},"sceneLighting":true,"audioPlay":false,"sceneViewState":{"showFog":true,"showMaterialUpdate":false,"showSkybox":true,"showFlares":true,"showImageEffects":true,"showParticleSystems":true},"in2DMode":false,"pivot":{"x":0.0812627375125885,"y":1.0026555061340333,"z":-1.0523847341537476},"rotation":{"x":0.22630161046981812,"y":-0.015462917275726796,"z":0.003592756809666753,"w":0.973927915096283},"size":24.75128746032715,"orthographic":true}